<?xml version="1.0" encoding="UTF-8" ?>
<webTalkData  fileName='usage_statistics_webtalk.xml'  majorVersion='1' minorVersion='0' timeStamp='Wed Mar 08 10:27:33 2017'>
<section name="__ROOT__" level="0" order="1" description="">
 <section name="software_version_and_target_device" level="1" order="1" description="">
  <keyValuePair key="beta" value="TRUE" description="" />
  <keyValuePair key="build_version" value="209282" description="" />
  <keyValuePair key="date_generated" value="Wed Mar 08 10:27:33 2017" description="" />
  <keyValuePair key="os_platform" value="WIN64" description="" />
  <keyValuePair key="product_version" value="Vivado v2012.3 (64-bit)" description="" />
  <keyValuePair key="project_id" value="89b06403a1dd46a2a2ec905c3e0151b5" description="" />
  <keyValuePair key="project_iteration" value="1" description="" />
  <keyValuePair key="random_id" value="b2dc9523529155d9a3f7002df6631790" description="" />
  <keyValuePair key="registration_id" value="135256_15690819_173552794_661" description="" />
  <keyValuePair key="route_design" value="TRUE" description="" />
  <keyValuePair key="target_device" value="xc7a200t" description="" />
  <keyValuePair key="target_family" value="artix7" description="" />
  <keyValuePair key="target_package" value="fbg676" description="" />
  <keyValuePair key="target_speed" value="-2" description="" />
  <keyValuePair key="tool_flow" value="Vivado" description="" />
 </section>
 <section name="user_environment" level="1" order="2" description="">
  <keyValuePair key="cpu_name" value="Intel(R) Core(TM) i5-5200U CPU @ 2.20GHz" description="" />
  <keyValuePair key="cpu_speed" value="2194 MHz" description="" />
  <keyValuePair key="os_name" value="Microsoft Windows 7 , 64-bit" description="" />
  <keyValuePair key="os_release" value="major release  (build 7600)" description="" />
  <keyValuePair key="system_ram" value="4.000 GB" description="" />
  <keyValuePair key="total_processors" value="1" description="" />
 </section>
 <section name="ip_statistics" level="1" order="3" description="">
  <section name="blk_mem_gen_v8_2/1" level="2" order="1" description="">
   <keyValuePair key="c_addra_width" value="10" description="" />
   <keyValuePair key="c_addrb_width" value="10" description="" />
   <keyValuePair key="c_algorithm" value="1" description="" />
   <keyValuePair key="c_axi_id_width" value="4" description="" />
   <keyValuePair key="c_axi_slave_type" value="0" description="" />
   <keyValuePair key="c_axi_type" value="1" description="" />
   <keyValuePair key="c_byte_size" value="9" description="" />
   <keyValuePair key="c_common_clk" value="0" description="" />
   <keyValuePair key="c_count_18k_bram" value="0" description="" />
   <keyValuePair key="c_count_36k_bram" value="1" description="" />
   <keyValuePair key="c_ctrl_ecc_algo" value="NONE" description="" />
   <keyValuePair key="c_default_data" value="0" description="" />
   <keyValuePair key="c_disable_warn_bhv_coll" value="0" description="" />
   <keyValuePair key="c_disable_warn_bhv_range" value="0" description="" />
   <keyValuePair key="c_elaboration_dir" value="./" description="" />
   <keyValuePair key="c_en_deepsleep_pin" value="0" description="" />
   <keyValuePair key="c_en_ecc_pipe" value="0" description="" />
   <keyValuePair key="c_en_rdaddra_chg" value="0" description="" />
   <keyValuePair key="c_en_rdaddrb_chg" value="0" description="" />
   <keyValuePair key="c_en_shutdown_pin" value="0" description="" />
   <keyValuePair key="c_en_sleep_pin" value="0" description="" />
   <keyValuePair key="c_enable_32bit_address" value="0" description="" />
   <keyValuePair key="c_est_power_summary" value="Estimated Power for IP     _     2.4812 mW" description="" />
   <keyValuePair key="c_family" value="artix7" description="" />
   <keyValuePair key="c_has_axi_id" value="0" description="" />
   <keyValuePair key="c_has_ena" value="0" description="" />
   <keyValuePair key="c_has_enb" value="0" description="" />
   <keyValuePair key="c_has_injecterr" value="0" description="" />
   <keyValuePair key="c_has_mem_output_regs_a" value="1" description="" />
   <keyValuePair key="c_has_mem_output_regs_b" value="0" description="" />
   <keyValuePair key="c_has_mux_output_regs_a" value="0" description="" />
   <keyValuePair key="c_has_mux_output_regs_b" value="0" description="" />
   <keyValuePair key="c_has_regcea" value="0" description="" />
   <keyValuePair key="c_has_regceb" value="0" description="" />
   <keyValuePair key="c_has_rsta" value="0" description="" />
   <keyValuePair key="c_has_rstb" value="0" description="" />
   <keyValuePair key="c_has_softecc_input_regs_a" value="0" description="" />
   <keyValuePair key="c_has_softecc_output_regs_b" value="0" description="" />
   <keyValuePair key="c_init_file" value="lcd_rom.mem" description="" />
   <keyValuePair key="c_init_file_name" value="[user-defined]" description="" />
   <keyValuePair key="c_inita_val" value="0" description="" />
   <keyValuePair key="c_initb_val" value="0" description="" />
   <keyValuePair key="c_interface_type" value="0" description="" />
   <keyValuePair key="c_load_init_file" value="1" description="" />
   <keyValuePair key="c_mem_type" value="3" description="" />
   <keyValuePair key="c_mux_pipeline_stages" value="0" description="" />
   <keyValuePair key="c_prim_type" value="1" description="" />
   <keyValuePair key="c_read_depth_a" value="1024" description="" />
   <keyValuePair key="c_read_depth_b" value="1024" description="" />
   <keyValuePair key="c_read_width_a" value="24" description="" />
   <keyValuePair key="c_read_width_b" value="24" description="" />
   <keyValuePair key="c_rst_priority_a" value="CE" description="" />
   <keyValuePair key="c_rst_priority_b" value="CE" description="" />
   <keyValuePair key="c_rstram_a" value="0" description="" />
   <keyValuePair key="c_rstram_b" value="0" description="" />
   <keyValuePair key="c_sim_collision_check" value="ALL" description="" />
   <keyValuePair key="c_use_bram_block" value="0" description="" />
   <keyValuePair key="c_use_byte_wea" value="0" description="" />
   <keyValuePair key="c_use_byte_web" value="0" description="" />
   <keyValuePair key="c_use_default_data" value="0" description="" />
   <keyValuePair key="c_use_ecc" value="0" description="" />
   <keyValuePair key="c_use_softecc" value="0" description="" />
   <keyValuePair key="c_use_uram" value="0" description="" />
   <keyValuePair key="c_wea_width" value="1" description="" />
   <keyValuePair key="c_web_width" value="1" description="" />
   <keyValuePair key="c_write_depth_a" value="1024" description="" />
   <keyValuePair key="c_write_depth_b" value="1024" description="" />
   <keyValuePair key="c_write_mode_a" value="WRITE_FIRST" description="" />
   <keyValuePair key="c_write_mode_b" value="WRITE_FIRST" description="" />
   <keyValuePair key="c_write_width_a" value="24" description="" />
   <keyValuePair key="c_write_width_b" value="24" description="" />
   <keyValuePair key="c_xdevicefamily" value="artix7" description="" />
   <keyValuePair key="iptotal" value="1" description="" />
   <keyValuePair key="x_ipcorerevision" value="6" description="" />
   <keyValuePair key="x_iplanguage" value="VERILOG" description="" />
   <keyValuePair key="x_iplibrary" value="ip" description="" />
   <keyValuePair key="x_ipname" value="blk_mem_gen" description="" />
   <keyValuePair key="x_ipproduct" value="Vivado 2015.2" description="" />
   <keyValuePair key="x_ipsimlanguage" value="MIXED" description="" />
   <keyValuePair key="x_ipvendor" value="xilinx.com" description="" />
   <keyValuePair key="x_ipversion" value="8.2" description="" />
  </section>
  <section name="blk_mem_gen_v8_3_3/1" level="2" order="2" description="">
   <keyValuePair key="c_addra_width" value="8" description="" />
   <keyValuePair key="c_addrb_width" value="8" description="" />
   <keyValuePair key="c_algorithm" value="1" description="" />
   <keyValuePair key="c_axi_id_width" value="4" description="" />
   <keyValuePair key="c_axi_slave_type" value="0" description="" />
   <keyValuePair key="c_axi_type" value="1" description="" />
   <keyValuePair key="c_byte_size" value="8" description="" />
   <keyValuePair key="c_common_clk" value="0" description="" />
   <keyValuePair key="c_count_18k_bram" value="0" description="" />
   <keyValuePair key="c_count_36k_bram" value="1" description="" />
   <keyValuePair key="c_ctrl_ecc_algo" value="NONE" description="" />
   <keyValuePair key="c_default_data" value="0" description="" />
   <keyValuePair key="c_disable_warn_bhv_coll" value="0" description="" />
   <keyValuePair key="c_disable_warn_bhv_range" value="0" description="" />
   <keyValuePair key="c_elaboration_dir" value="./" description="" />
   <keyValuePair key="c_en_deepsleep_pin" value="0" description="" />
   <keyValuePair key="c_en_ecc_pipe" value="0" description="" />
   <keyValuePair key="c_en_rdaddra_chg" value="0" description="" />
   <keyValuePair key="c_en_rdaddrb_chg" value="0" description="" />
   <keyValuePair key="c_en_safety_ckt" value="0" description="" />
   <keyValuePair key="c_en_shutdown_pin" value="0" description="" />
   <keyValuePair key="c_en_sleep_pin" value="0" description="" />
   <keyValuePair key="c_enable_32bit_address" value="0" description="" />
   <keyValuePair key="c_est_power_summary" value="Estimated Power for IP     _     5.9299 mW" description="" />
   <keyValuePair key="c_family" value="artix7" description="" />
   <keyValuePair key="c_has_axi_id" value="0" description="" />
   <keyValuePair key="c_has_ena" value="0" description="" />
   <keyValuePair key="c_has_enb" value="1" description="" />
   <keyValuePair key="c_has_injecterr" value="0" description="" />
   <keyValuePair key="c_has_mem_output_regs_a" value="1" description="" />
   <keyValuePair key="c_has_mem_output_regs_b" value="1" description="" />
   <keyValuePair key="c_has_mux_output_regs_a" value="0" description="" />
   <keyValuePair key="c_has_mux_output_regs_b" value="0" description="" />
   <keyValuePair key="c_has_regcea" value="0" description="" />
   <keyValuePair key="c_has_regceb" value="0" description="" />
   <keyValuePair key="c_has_rsta" value="0" description="" />
   <keyValuePair key="c_has_rstb" value="0" description="" />
   <keyValuePair key="c_has_softecc_input_regs_a" value="0" description="" />
   <keyValuePair key="c_has_softecc_output_regs_b" value="0" description="" />
   <keyValuePair key="c_init_file" value="data_ram.mem" description="" />
   <keyValuePair key="c_init_file_name" value="no_coe_file_loaded" description="" />
   <keyValuePair key="c_inita_val" value="0" description="" />
   <keyValuePair key="c_initb_val" value="0" description="" />
   <keyValuePair key="c_interface_type" value="0" description="" />
   <keyValuePair key="c_load_init_file" value="0" description="" />
   <keyValuePair key="c_mem_type" value="2" description="" />
   <keyValuePair key="c_mux_pipeline_stages" value="0" description="" />
   <keyValuePair key="c_prim_type" value="1" description="" />
   <keyValuePair key="c_read_depth_a" value="256" description="" />
   <keyValuePair key="c_read_depth_b" value="256" description="" />
   <keyValuePair key="c_read_width_a" value="32" description="" />
   <keyValuePair key="c_read_width_b" value="32" description="" />
   <keyValuePair key="c_rst_priority_a" value="CE" description="" />
   <keyValuePair key="c_rst_priority_b" value="CE" description="" />
   <keyValuePair key="c_rstram_a" value="0" description="" />
   <keyValuePair key="c_rstram_b" value="0" description="" />
   <keyValuePair key="c_sim_collision_check" value="ALL" description="" />
   <keyValuePair key="c_use_bram_block" value="0" description="" />
   <keyValuePair key="c_use_byte_wea" value="1" description="" />
   <keyValuePair key="c_use_byte_web" value="1" description="" />
   <keyValuePair key="c_use_default_data" value="0" description="" />
   <keyValuePair key="c_use_ecc" value="0" description="" />
   <keyValuePair key="c_use_softecc" value="0" description="" />
   <keyValuePair key="c_use_uram" value="0" description="" />
   <keyValuePair key="c_wea_width" value="4" description="" />
   <keyValuePair key="c_web_width" value="4" description="" />
   <keyValuePair key="c_write_depth_a" value="256" description="" />
   <keyValuePair key="c_write_depth_b" value="256" description="" />
   <keyValuePair key="c_write_mode_a" value="WRITE_FIRST" description="" />
   <keyValuePair key="c_write_mode_b" value="WRITE_FIRST" description="" />
   <keyValuePair key="c_write_width_a" value="32" description="" />
   <keyValuePair key="c_write_width_b" value="32" description="" />
   <keyValuePair key="c_xdevicefamily" value="artix7" description="" />
   <keyValuePair key="iptotal" value="1" description="" />
   <keyValuePair key="x_ipcorerevision" value="3" description="" />
   <keyValuePair key="x_iplanguage" value="VERILOG" description="" />
   <keyValuePair key="x_iplibrary" value="ip" description="" />
   <keyValuePair key="x_ipname" value="blk_mem_gen" description="" />
   <keyValuePair key="x_ipproduct" value="Vivado 2016.2" description="" />
   <keyValuePair key="x_ipsimlanguage" value="MIXED" description="" />
   <keyValuePair key="x_ipvendor" value="xilinx.com" description="" />
   <keyValuePair key="x_ipversion" value="8.3" description="" />
  </section>
 </section>
 <section name="plan_ahead_usage" level="1" order="4" description="">
  <section name="java_command_handlers" level="2" order="1" description="">
   <keyValuePair key="addsrc" value="3" description="" />
   <keyValuePair key="newproject" value="1" description="" />
   <keyValuePair key="runbitgen" value="1" description="" />
   <keyValuePair key="runimplementation" value="1" description="" />
   <keyValuePair key="runsynthesis" value="1" description="" />
  </section>
  <section name="other_data" level="2" order="2" description="">
   <keyValuePair key="guimode" value="1" description="" />
  </section>
  <section name="project_data" level="2" order="3" description="">
   <keyValuePair key="constraintsetcount" value="1" description="" />
   <keyValuePair key="currentimplrun" value="impl_1" description="" />
   <keyValuePair key="currentsynthesisrun" value="synth_1" description="" />
   <keyValuePair key="designmode" value="RTL" description="" />
   <keyValuePair key="hdproject" value="false" description="" />
   <keyValuePair key="implstrategy" value="Vivado Implementation Defaults" description="" />
   <keyValuePair key="partitioncount" value="0" description="" />
   <keyValuePair key="prproject" value="false" description="" />
   <keyValuePair key="reconfigmodulecount" value="0" description="" />
   <keyValuePair key="reconfigpartitioncount" value="0" description="" />
   <keyValuePair key="srcsetcount" value="7" description="" />
   <keyValuePair key="synthesisstrategy" value="Vivado Synthesis Defaults" description="" />
   <keyValuePair key="totalimplruns" value="1" description="" />
   <keyValuePair key="totalsynthesisruns" value="1" description="" />
  </section>
 </section>
 <section name="unisim_transformation" level="1" order="5" description="">
  <section name="post_unisim_transformation" level="2" order="1" description="">
   <keyValuePair key="bufg" value="3" description="" />
   <keyValuePair key="carry4" value="6" description="" />
   <keyValuePair key="fdce" value="61" description="" />
   <keyValuePair key="fdre" value="354" description="" />
   <keyValuePair key="fdse" value="1" description="" />
   <keyValuePair key="gnd" value="12" description="" />
   <keyValuePair key="ibuf" value="10" description="" />
   <keyValuePair key="lut1" value="40" description="" />
   <keyValuePair key="lut2" value="79" description="" />
   <keyValuePair key="lut3" value="92" description="" />
   <keyValuePair key="lut4" value="155" description="" />
   <keyValuePair key="lut5" value="162" description="" />
   <keyValuePair key="lut6" value="330" description="" />
   <keyValuePair key="muxf7" value="37" description="" />
   <keyValuePair key="muxf8" value="1" description="" />
   <keyValuePair key="obuf" value="31" description="" />
   <keyValuePair key="obuft" value="2" description="" />
   <keyValuePair key="ramb36e1" value="2" description="" />
   <keyValuePair key="vcc" value="7" description="" />
  </section>
  <section name="pre_unisim_transformation" level="2" order="2" description="">
   <keyValuePair key="bufg" value="3" description="" />
   <keyValuePair key="carry4" value="6" description="" />
   <keyValuePair key="fd" value="61" description="" />
   <keyValuePair key="fdr" value="43" description="" />
   <keyValuePair key="fdre" value="311" description="" />
   <keyValuePair key="fdse" value="1" description="" />
   <keyValuePair key="gnd" value="11" description="" />
   <keyValuePair key="ibuf" value="83" description="" />
   <keyValuePair key="iobuf" value="2" description="" />
   <keyValuePair key="lut1" value="40" description="" />
   <keyValuePair key="lut2" value="79" description="" />
   <keyValuePair key="lut3" value="92" description="" />
   <keyValuePair key="lut4" value="155" description="" />
   <keyValuePair key="lut5" value="162" description="" />
   <keyValuePair key="lut6" value="330" description="" />
   <keyValuePair key="muxf7" value="37" description="" />
   <keyValuePair key="muxf8" value="1" description="" />
   <keyValuePair key="obuf" value="78" description="" />
   <keyValuePair key="ramb36e1" value="2" description="" />
   <keyValuePair key="vcc" value="6" description="" />
  </section>
 </section>
</section>
</webTalkData>
