<?xml version="1.0" encoding="UTF-8" ?>
<document>
<!--The data in this file is primarily intended for consumption by Xilinx tools.
The structure and the elements are likely to change over the next few releases.
This means code written to parse this file will need to be revisited each subsequent release.-->
<application name="pa" timeStamp="Thu Feb 16 19:50:13 2017">
<section name="Project Information" visible="false">
<property name="ProjectID" value="d8c98701817b4429b9792a73d3176ecd" type="ProjectID"/>
<property name="ProjectIteration" value="8" type="ProjectIteration"/>
</section>
<section name="PlanAhead Usage" visible="true">
<item name="Project Data">
<property name="SrcSetCount" value="1" type="SrcSetCount"/>
<property name="ConstraintSetCount" value="1" type="ConstraintSetCount"/>
<property name="DesignMode" value="RTL" type="DesignMode"/>
<property name="SynthesisStrategy" value="Vivado Synthesis Defaults" type="SynthesisStrategy"/>
<property name="ImplStrategy" value="Vivado Implementation Defaults" type="ImplStrategy"/>
</item>
<item name="Java Command Handlers">
<property name="AddSources" value="3" type="JavaHandler"/>
<property name="AutoConnectTarget" value="2" type="JavaHandler"/>
<property name="LaunchProgramFpga" value="2" type="JavaHandler"/>
<property name="NewProject" value="2" type="JavaHandler"/>
<property name="OpenHardwareManager" value="2" type="JavaHandler"/>
<property name="OpenRecentTarget" value="2" type="JavaHandler"/>
<property name="RunBitgen" value="3" type="JavaHandler"/>
<property name="RunImplementation" value="4" type="JavaHandler"/>
<property name="RunSynthesis" value="5" type="JavaHandler"/>
<property name="ShowView" value="2" type="JavaHandler"/>
<property name="ViewTaskSynthesis" value="2" type="JavaHandler"/>
</item>
<item name="Gui Resources Info">
<property name="NEXT, Next " value="4" type="GuiResourceData"/>
<property name="PAResourceAtoD.CmdMsgDialog_OK, OK" value="1" type="GuiResourceData"/>
<property name="PAResourceCommand.PACommandNames_AUTO_CONNECT_TARGET, Auto Connect" value="1" type="GuiResourceData"/>
<property name="PAResourceCommand.PACommandNames_NEW_PROJECT, New Project..." value="1" type="GuiResourceData"/>
<property name="PAResourceCommand.PACommandNames_PROGRAM_FPGA, Program Device..." value="1" type="GuiResourceData"/>
<property name="PAResourceEtoH.FlowNavigatorTreePanel_FLOW_NAVIGATOR_TREE, [, Program and Debug, Open Hardware Manager, Open Target], 27, false" value="1" type="GuiResourceData"/>
<property name="PAResourceEtoH.HardwareTreePanel_HARDWARE_TREE_TABLE, xc7a200t_0 (1" value="1" type="GuiResourceData"/>
<property name="PAResourceItoN.MainMenuMgr_FILE, File" value="3" type="GuiResourceData"/>
<property name="PAResourceOtoP.PartChooser_FAMILY_CHOOSER, Artix-7, 1" value="1" type="GuiResourceData"/>
<property name="PAResourceOtoP.PartChooser_PARTS, xc7a200tfbg676-2 ; 676 ; 365 ; 740 ; 269200 ; 8 ; 8 ; 400 ; 134600 ; 10 ; 1 ; 85 ; 0 ; 85 ; C ; 1.05 ; 0.95 ; 0.95, 1, xc7a200tfbg676-2, 0" value="1" type="GuiResourceData"/>
<property name="PAResourceOtoP.PartChooser_PART_PACKAGE_CHOOSER, fbg676, 5" value="1" type="GuiResourceData"/>
<property name="PAResourceOtoP.ProgramFpgaDialog_PROGRAM, Program" value="1" type="GuiResourceData"/>
<property name="PAResourceOtoP.ProjectNameChooser_CHOOSE_PROJECT_LOCATION, (String" value="1" type="GuiResourceData"/>
<property name="PAResourceOtoP.ProjectNameChooser_PROJECT_NAME, 2_multiply" value="1" type="GuiResourceData"/>
<property name="RDIResource.BaseDialog_CANCEL, Cancel" value="1" type="GuiResourceData"/>
<property name="adder_display.v, 342, 178" value="1" type="GuiResourceData"/>
<property name="adder_display.v, 365, 127" value="1" type="GuiResourceData"/>
</item>
<item name="Other">
<property name="GuiMode" value="25" type="GuiMode"/>
<property name="BatchMode" value="0" type="BatchMode"/>
<property name="TclMode" value="16" type="TclMode"/>
</item>
</section>
</application>
</document>
