<?xml version="1.0"?>
<Runs Version="1" Minor="0">
	<Run Id="data_ram_synth_1" LaunchDir="/home/innovril/vivado1/7_multi_cycle_cpu/7_multi_cycle_cpu/7_multi_cycle_cpu.runs/data_ram_synth_1" FlowId="Vivado_Synthesis" FromStepId="vivado" ToStepId="vivado"/>
	<Run Id="synth_1" LaunchDir="/home/innovril/vivado1/7_multi_cycle_cpu/7_multi_cycle_cpu/7_multi_cycle_cpu.runs/synth_1" FlowId="Vivado_Synthesis" FromStepId="vivado" ToStepId="vivado">
		<Parent Id="data_ram_synth_1"/>
	</Run>
	<Run Id="impl_1" LaunchDir="/home/innovril/vivado1/7_multi_cycle_cpu/7_multi_cycle_cpu/7_multi_cycle_cpu.runs/impl_1" FlowId="Vivado_Implementation" FromStepId="init_design" ToStepId="route_design">
		<Parent Id="synth_1"/>
		<Parent Id="data_ram_synth_1"/>
	</Run>
</Runs>

