<?xml version="1.0" encoding="UTF-8" ?>
<document>
<!--The data in this file is primarily intended for consumption by Xilinx tools.
The structure and the elements are likely to change over the next few releases.
This means code written to parse this file will need to be revisited each subsequent release.-->
<application name="pa" timeStamp="Fri Feb 17 09:02:07 2017">
<section name="Project Information" visible="false">
<property name="ProjectID" value="5c11221796114a5cb33165a9e9a2483f" type="ProjectID"/>
<property name="ProjectIteration" value="3" type="ProjectIteration"/>
</section>
<section name="PlanAhead Usage" visible="true">
<item name="Project Data">
<property name="SrcSetCount" value="1" type="SrcSetCount"/>
<property name="ConstraintSetCount" value="1" type="ConstraintSetCount"/>
<property name="DesignMode" value="RTL" type="DesignMode"/>
<property name="SynthesisStrategy" value="Vivado Synthesis Defaults" type="SynthesisStrategy"/>
<property name="ImplStrategy" value="Vivado Implementation Defaults" type="ImplStrategy"/>
</item>
<item name="Java Command Handlers">
<property name="AddSources" value="4" type="JavaHandler"/>
<property name="AutoConnectTarget" value="1" type="JavaHandler"/>
<property name="LaunchProgramFpga" value="1" type="JavaHandler"/>
<property name="OpenHardwareManager" value="1" type="JavaHandler"/>
<property name="OpenRecentTarget" value="1" type="JavaHandler"/>
<property name="RunBitgen" value="1" type="JavaHandler"/>
<property name="RunImplementation" value="1" type="JavaHandler"/>
<property name="RunSynthesis" value="1" type="JavaHandler"/>
</item>
<item name="Gui Resources Info">
<property name="PAResourceCommand.PACommandNames_AUTO_CONNECT_TARGET, Auto Connect" value="1" type="GuiResourceData"/>
<property name="PAResourceCommand.PACommandNames_PROGRAM_FPGA, Program Device..." value="1" type="GuiResourceData"/>
<property name="PAResourceEtoH.ExpRunTreePanel_EXP_RUN_TREE_TABLE, WHS, 5, false, false, false, true, false" value="1" type="GuiResourceData"/>
<property name="PAResourceEtoH.FlowNavigatorTreePanel_FLOW_NAVIGATOR_TREE, [, Program and Debug, Open Hardware Manager, Open Target], 27, false" value="1" type="GuiResourceData"/>
<property name="PAResourceEtoH.FlowNavigatorTreePanel_FLOW_NAVIGATOR_TREE, [, Program and Debug, Open Hardware Manager], 26" value="1" type="GuiResourceData"/>
<property name="PAResourceEtoH.HardwareTreePanel_HARDWARE_TREE_TABLE, xc7a200t_0 (1" value="1" type="GuiResourceData"/>
<property name="PAResourceOtoP.ProgramFpgaDialog_PROGRAM, Program" value="1" type="GuiResourceData"/>
<property name="RDIResource.BaseDialog_CANCEL, Cancel" value="1" type="GuiResourceData"/>
</item>
<item name="Other">
<property name="GuiMode" value="25" type="GuiMode"/>
<property name="BatchMode" value="0" type="BatchMode"/>
<property name="TclMode" value="16" type="TclMode"/>
</item>
</section>
</application>
</document>
