<?xml version="1.0"?>
<Checkpoint Version="5" Minor="0">
	<BUILD_NUMBER Name="1577090"/>
	<FULL_BUILD Name="SW Build 1577090 on Thu Jun  2 16:32:35 MDT 2016"/>
	<PRODUCT Name="Vivado v2016.2 (64-bit)"/>
	<Part Name="xc7a200tfbg676-2"/>
	<Top Name="data_ram"/>
	<DisableAutoIOBuffers Name="1"/>
	<OutOfContext Name="1"/>
	<File Type="XDC_EARLY" Name="data_ram_early.xdc" ModTime="1486627969"/>
	<File Type="XDC_IN_CONTEXT" Name="data_ram_in_context.xdc" ModTime="1486627952"/>
	<File Type="EDIF" Name="data_ram.edf" ModTime="1486627969"/>
	<File Type="VERILOG_STUB" Name="data_ram_stub.v" ModTime="1486627969"/>
	<File Type="VHDL_STUB" Name="data_ram_stub.vhdl" ModTime="1486627969"/>
	<File Type="XN" Name="data_ram.xn" ModTime="1486627969"/>
	<File Type="INCR" Name="data_ram.incr" ModTime="1486627969"/>
	<File Type="RDA" Name="data_ram.rda" ModTime="1486627969"/>
	<File Type="REPLAY" Name="data_ram_iPhysOpt.tcl" ModTime="1486627969"/>
	<File Type="WDF" Name="data_ram.wdf" ModTime="1486627969"/>
</Checkpoint>

