<?xml version="1.0" encoding="UTF-8"?>
<GenRun Id="impl_1" LaunchPart="xc7a200tfbg676-2" LaunchTime="1487249607">
  <File Type="WBT-USG" Name="usage_statistics_webtalk.html"/>
  <File Type="RDI-RDI" Name="alu_display.vdi"/>
  <File Type="BG-DRC" Name="alu_display.drc"/>
  <File Type="BG-BGN" Name="alu_display.bgn"/>
  <File Type="BITSTR-SYSDEF" Name="alu_display.sysdef"/>
  <File Type="BITSTR-MMI" Name="alu_display.mmi"/>
  <File Type="BITSTR-BMM" Name="alu_display_bd.bmm"/>
  <File Type="BITSTR-NKY" Name="alu_display.nky"/>
  <File Type="BITSTR-RBT" Name="alu_display.rbt"/>
  <File Type="BITSTR-MSK" Name="alu_display.msk"/>
  <File Type="BG-BIN" Name="alu_display.bin"/>
  <File Type="BG-BIT" Name="alu_display.bit"/>
  <File Type="POSTROUTE-PHYSOPT-TIMING-RPX" Name="alu_display_timing_summary_postroute_physopted.rpx"/>
  <File Type="POSTROUTE-PHYSOPT-TIMING-PB" Name="alu_display_timing_summary_postroute_physopted.pb"/>
  <File Type="POSTROUTE-PHYSOPT-TIMING" Name="alu_display_timing_summary_postroute_physopted.rpt"/>
  <File Type="POSTROUTE-PHYSOPT-BLACKBOX-DCP" Name="alu_display_postroute_physopt_bb.dcp"/>
  <File Type="ROUTE-CLK" Name="alu_display_clock_utilization_routed.rpt"/>
  <File Type="ROUTE-SIMILARITY" Name="alu_display_incremental_reuse_routed.rpt"/>
  <File Type="ROUTE-TIMING-RPX" Name="alu_display_timing_summary_routed.rpx"/>
  <File Type="ROUTE-TIMING-PB" Name="alu_display_timing_summary_routed.pb"/>
  <File Type="PLACE-UTIL-PB" Name="alu_display_utilization_placed.pb"/>
  <File Type="PLACE-UTIL" Name="alu_display_utilization_placed.rpt"/>
  <File Type="PLACE-DCP" Name="alu_display_placed.dcp"/>
  <File Type="PLACE-CLK" Name="alu_display_clock_utilization_placed.rpt"/>
  <File Type="PHYSOPT-TIMING" Name="alu_display_timing_summary_physopted.rpt"/>
  <File Type="PWROPT-TIMING" Name="alu_display_timing_summary_pwropted.rpt"/>
  <File Type="OPT-DRC" Name="alu_display_drc_opted.rpt"/>
  <File Type="PWROPT-DRC" Name="alu_display_drc_pwropted.rpt"/>
  <File Type="PWROPT-DCP" Name="alu_display_pwropt.dcp"/>
  <File Type="POSTROUTE-PHYSOPT-DCP" Name="alu_display_postroute_physopt.dcp"/>
  <File Type="PA-TCL" Name="alu_display.tcl"/>
  <File Type="PLACE-IO" Name="alu_display_io_placed.rpt"/>
  <File Type="POSTPLACE-PWROPT-TIMING" Name="alu_display_timing_summary_postplace_pwropted.rpt"/>
  <File Type="OPT-TIMING" Name="alu_display_timing_summary_opted.rpt"/>
  <File Type="PLACE-CTRL" Name="alu_display_control_sets_placed.rpt"/>
  <File Type="OPT-METHODOLOGY-DRC" Name="alu_display_methodology_drc_opted.rpt"/>
  <File Type="OPT-DCP" Name="alu_display_opt.dcp"/>
  <File Type="INIT-TIMING" Name="alu_display_timing_summary_init.rpt"/>
  <File Type="OPT-HWDEF" Name="alu_display.hwdef"/>
  <File Type="PLACE-TIMING" Name="alu_display_timing_summary_placed.rpt"/>
  <File Type="PLACE-SIMILARITY" Name="alu_display_incremental_reuse_placed.rpt"/>
  <File Type="ROUTE-METHODOLOGY-DRC" Name="alu_display_methodology_drc_routed.rpt"/>
  <File Type="PLACE-PRE-SIMILARITY" Name="alu_display_incremental_reuse_pre_placed.rpt"/>
  <File Type="ROUTE-METHODOLOGY-DRC-PB" Name="alu_display_methodology_drc_routed.pb"/>
  <File Type="POSTPLACE-PWROPT-DCP" Name="alu_display_postplace_pwropt.dcp"/>
  <File Type="PHYSOPT-DCP" Name="alu_display_physopt.dcp"/>
  <File Type="PHYSOPT-DRC" Name="alu_display_drc_physopted.rpt"/>
  <File Type="ROUTE-DCP" Name="alu_display_routed.dcp"/>
  <File Type="ROUTE-BLACKBOX-DCP" Name="alu_display_routed_bb.dcp"/>
  <File Type="ROUTE-DRC" Name="alu_display_drc_routed.rpt"/>
  <File Type="ROUTE-DRC-PB" Name="alu_display_drc_routed.pb"/>
  <File Type="ROUTE-PWR" Name="alu_display_power_routed.rpt"/>
  <File Type="ROUTE-PWR-SUM" Name="alu_display_power_summary_routed.pb"/>
  <File Type="ROUTE-PWR-RPX" Name="alu_display_power_routed.rpx"/>
  <File Type="ROUTE-STATUS" Name="alu_display_route_status.rpt"/>
  <File Type="ROUTE-STATUS-PB" Name="alu_display_route_status.pb"/>
  <File Type="ROUTE-TIMINGSUMMARY" Name="alu_display_timing_summary_routed.rpt"/>
  <FileSet Name="sources" Type="DesignSrcs" RelSrcDir="$PSRCDIR/sources_1">
    <Filter Type="Srcs"/>
    <File Path="$PPRDIR/../adder.v">
      <FileInfo>
        <Attr Name="UsedIn" Val="synthesis"/>
        <Attr Name="UsedIn" Val="implementation"/>
        <Attr Name="UsedIn" Val="simulation"/>
      </FileInfo>
    </File>
    <File Path="$PPRDIR/../alu.v">
      <FileInfo>
        <Attr Name="UsedIn" Val="synthesis"/>
        <Attr Name="UsedIn" Val="implementation"/>
        <Attr Name="UsedIn" Val="simulation"/>
      </FileInfo>
    </File>
    <File Path="$PPRDIR/../../lcd_module.dcp">
      <FileInfo>
        <Attr Name="UsedIn" Val="synthesis"/>
        <Attr Name="UsedIn" Val="implementation"/>
      </FileInfo>
    </File>
    <File Path="$PPRDIR/../alu_display.v">
      <FileInfo>
        <Attr Name="UsedIn" Val="synthesis"/>
        <Attr Name="UsedIn" Val="implementation"/>
        <Attr Name="UsedIn" Val="simulation"/>
      </FileInfo>
    </File>
    <Config>
      <Option Name="DesignMode" Val="RTL"/>
      <Option Name="TopModule" Val="alu_display"/>
      <Option Name="TopAutoSet" Val="TRUE"/>
    </Config>
  </FileSet>
  <FileSet Name="constrs_in" Type="Constrs" RelSrcDir="$PSRCDIR/constrs_1">
    <Filter Type="Constrs"/>
    <File Path="$PPRDIR/../alu.xdc">
      <FileInfo>
        <Attr Name="UsedIn" Val="synthesis"/>
        <Attr Name="UsedIn" Val="implementation"/>
      </FileInfo>
    </File>
    <Config>
      <Option Name="ConstrsType" Val="XDC"/>
    </Config>
  </FileSet>
  <Strategy Version="1" Minor="2">
    <StratHandle Name="Vivado Implementation Defaults" Flow="Vivado Implementation 2016">
      <Desc>Default settings for Implementation.</Desc>
    </StratHandle>
    <Step Id="init_design"/>
    <Step Id="opt_design"/>
    <Step Id="power_opt_design"/>
    <Step Id="place_design"/>
    <Step Id="post_place_power_opt_design"/>
    <Step Id="phys_opt_design"/>
    <Step Id="route_design"/>
    <Step Id="post_route_phys_opt_design"/>
    <Step Id="write_bitstream"/>
  </Strategy>
</GenRun>
