<?xml version="1.0"?>
<Checkpoint Version="5" Minor="0">
	<BUILD_NUMBER Name="1577090"/>
	<FULL_BUILD Name="SW Build 1577090 on Thu Jun  2 16:32:35 MDT 2016"/>
	<PRODUCT Name="Vivado v2016.2 (64-bit)"/>
	<Part Name="xc7a200tfbg676-2"/>
	<Top Name="inst_rom"/>
	<DisableAutoIOBuffers Name="1"/>
	<OutOfContext Name="1"/>
	<File Type="XDC_EARLY" Name="inst_rom_early.xdc" ModTime="1487297038"/>
	<File Type="XDC_IN_CONTEXT" Name="inst_rom_in_context.xdc" ModTime="1487297023"/>
	<File Type="EDIF" Name="inst_rom.edf" ModTime="1487297038"/>
	<File Type="VERILOG_STUB" Name="inst_rom_stub.v" ModTime="1487297038"/>
	<File Type="VHDL_STUB" Name="inst_rom_stub.vhdl" ModTime="1487297038"/>
	<File Type="XN" Name="inst_rom.xn" ModTime="1487297038"/>
	<File Type="INCR" Name="inst_rom.incr" ModTime="1487297038"/>
	<File Type="RDA" Name="inst_rom.rda" ModTime="1487297038"/>
	<File Type="REPLAY" Name="inst_rom_iPhysOpt.tcl" ModTime="1487297038"/>
	<File Type="WDF" Name="inst_rom.wdf" ModTime="1487297038"/>
</Checkpoint>

